name,count,ids
"seiko alpinist","3","[""6a0d8905d38ea5fe36d7861d"",""6a0d8905d38ea5fe36d7861e"",""6a0d8905d38ea5fe36d7861f""]"
"audemars piguet royal oak offshore diver","3","[""6a0d8905d38ea5fe36d78637"",""6a0d8905d38ea5fe36d78638"",""6a0d8905d38ea5fe36d78639""]"
"casio g-shock original","3","[""6a0d8905d38ea5fe36d78601"",""6a0d8905d38ea5fe36d78602"",""6a0d8905d38ea5fe36d78603""]"
"patek philippe nautilus chronograph","2","[""6a0d8905d38ea5fe36d78631"",""6a0d8905d38ea5fe36d78632""]"
"omega aqua terra 150m","8","[""6a0d8905d38ea5fe36d785f7"",""6a0d8905d38ea5fe36d785f8"",""6a0d8905d38ea5fe36d785f9"",""6a0d8905d38ea5fe36d785fa"",""6a0d8905d38ea5fe36d785fb"",""6a0d8905d38ea5fe36d785fc"",""6a0d8905d38ea5fe36d785fd"",""6a0d8905d38ea5fe36d785fe""]"
"seiko presage cocktail time","4","[""6a0d8905d38ea5fe36d78619"",""6a0d8905d38ea5fe36d7861a"",""6a0d8905d38ea5fe36d7861b"",""6a0d8905d38ea5fe36d7861c""]"
"cartier ballon bleu de cartier","12","[""6a0d8905d38ea5fe36d78653"",""6a0d8905d38ea5fe36d78654"",""6a0d8905d38ea5fe36d78655"",""6a0d8905d38ea5fe36d78656"",""6a0d8905d38ea5fe36d78657"",""6a0d8905d38ea5fe36d78658"",""6a0d8905d38ea5fe36d78659"",""6a0d8905d38ea5fe36d7865a"",""6a0d8905d38ea5fe36d7865b"",""6a0d8905d38ea5fe36d7865c"",""6a0d8905d38ea5fe36d7865d"",""6a0d8905d38ea5fe36d7865e""]"
"tissot chemin des tourelles","6","[""6a0d8905d38ea5fe36d78677"",""6a0d8905d38ea5fe36d78678"",""6a0d8905d38ea5fe36d78679"",""6a0d8905d38ea5fe36d7867a"",""6a0d8905d38ea5fe36d7867b"",""6a0d8905d38ea5fe36d7867c""]"
"patek philippe aquanaut","8","[""6a0d8905d38ea5fe36d78623"",""6a0d8905d38ea5fe36d78624"",""6a0d8905d38ea5fe36d78625"",""6a0d8905d38ea5fe36d78626"",""6a0d8905d38ea5fe36d78627"",""6a0d8905d38ea5fe36d78628"",""6a0d8905d38ea5fe36d78629"",""6a0d8905d38ea5fe36d7862a""]"
"audemars piguet royal oak selfwinding","4","[""6a0d8905d38ea5fe36d78633"",""6a0d8905d38ea5fe36d78634"",""6a0d8905d38ea5fe36d78635"",""6a0d8905d38ea5fe36d78636""]"
"tissot le locle powermatic 80","8","[""6a0d8905d38ea5fe36d78669"",""6a0d8905d38ea5fe36d7866a"",""6a0d8905d38ea5fe36d7866b"",""6a0d8905d38ea5fe36d7866c"",""6a0d8905d38ea5fe36d7866d"",""6a0d8905d38ea5fe36d7866e"",""6a0d8905d38ea5fe36d7866f"",""6a0d8905d38ea5fe36d78670""]"
"tissot seastar 1000","6","[""6a0d8905d38ea5fe36d78671"",""6a0d8905d38ea5fe36d78672"",""6a0d8905d38ea5fe36d78673"",""6a0d8905d38ea5fe36d78674"",""6a0d8905d38ea5fe36d78675"",""6a0d8905d38ea5fe36d78676""]"
"casio edifice chronograph","3","[""6a0d8905d38ea5fe36d7860e"",""6a0d8905d38ea5fe36d7860f"",""6a0d8905d38ea5fe36d78610""]"
"omega planet ocean 600m","2","[""6a0d8905d38ea5fe36d785ff"",""6a0d8905d38ea5fe36d78600""]"
"rolex oyster perpetual","12","[""6a0d8905d38ea5fe36d785df"",""6a0d8905d38ea5fe36d785e0"",""6a0d8905d38ea5fe36d785e1"",""6a0d8905d38ea5fe36d785e2"",""6a0d8905d38ea5fe36d785e3"",""6a0d8905d38ea5fe36d785e4"",""6a0d8905d38ea5fe36d785e5"",""6a0d8905d38ea5fe36d785e6"",""6a0d8905d38ea5fe36d785e7"",""6a0d8905d38ea5fe36d785e8"",""6a0d8905d38ea5fe36d785e9"",""6a0d8905d38ea5fe36d785ea""]"
"rolex gmt-master ii","3","[""6a0d8905d38ea5fe36d785d6"",""6a0d8905d38ea5fe36d785d7"",""6a0d8905d38ea5fe36d785d8""]"
"casio g-shock casioak","4","[""6a0d8905d38ea5fe36d78604"",""6a0d8905d38ea5fe36d78605"",""6a0d8905d38ea5fe36d78606"",""6a0d8905d38ea5fe36d78607""]"
"seiko 5 sports (skx style)","5","[""6a0d8905d38ea5fe36d78611"",""6a0d8905d38ea5fe36d78612"",""6a0d8905d38ea5fe36d78613"",""6a0d8905d38ea5fe36d78614"",""6a0d8905d38ea5fe36d78615""]"
"omega seamaster diver 300m","10","[""6a0d8905d38ea5fe36d785ed"",""6a0d8905d38ea5fe36d785ee"",""6a0d8905d38ea5fe36d785ef"",""6a0d8905d38ea5fe36d785f0"",""6a0d8905d38ea5fe36d785f1"",""6a0d8905d38ea5fe36d785f2"",""6a0d8905d38ea5fe36d785f3"",""6a0d8905d38ea5fe36d785f4"",""6a0d8905d38ea5fe36d785f5"",""6a0d8905d38ea5fe36d785f6""]"
"seiko prospex diver (turtle)","3","[""6a0d8905d38ea5fe36d78616"",""6a0d8905d38ea5fe36d78617"",""6a0d8905d38ea5fe36d78618""]"
"hublot classic fusion","36","[""6a0d8905d38ea5fe36d7867d"",""6a0d8905d38ea5fe36d7867e"",""6a0d8905d38ea5fe36d7867f"",""6a0d8905d38ea5fe36d78680"",""6a0d8905d38ea5fe36d78681"",""6a0d8905d38ea5fe36d78682"",""6a0d8905d38ea5fe36d78683"",""6a0d8905d38ea5fe36d78684"",""6a0d8905d38ea5fe36d78685"",""6a0d8905d38ea5fe36d78686"",""6a0d8905d38ea5fe36d78687"",""6a0d8905d38ea5fe36d78688"",""6a0d8905d38ea5fe36d78689"",""6a0d8905d38ea5fe36d7868a"",""6a0d8905d38ea5fe36d7868b"",""6a0d8905d38ea5fe36d7868c"",""6a0d8905d38ea5fe36d7868d"",""6a0d8905d38ea5fe36d7868e"",""6a0d8905d38ea5fe36d7868f"",""6a0d8905d38ea5fe36d78690"",""6a0d8905d38ea5fe36d78691"",""6a0d8905d38ea5fe36d78692"",""6a0d8905d38ea5fe36d78693"",""6a0d8905d38ea5fe36d78694"",""6a0d8905d38ea5fe36d78695"",""6a0d8905d38ea5fe36d78696"",""6a0d8905d38ea5fe36d78697"",""6a0d8905d38ea5fe36d78698"",""6a0d8905d38ea5fe36d78699"",""6a0d8905d38ea5fe36d7869a"",""6a0d8905d38ea5fe36d7869b"",""6a0d8905d38ea5fe36d7869c"",""6a0d8905d38ea5fe36d7869d"",""6a0d8905d38ea5fe36d7869e"",""6a0d8905d38ea5fe36d7869f"",""6a0d8905d38ea5fe36d786a0""]"
"omega speedmaster moonwatch professional","2","[""6a0d8905d38ea5fe36d785eb"",""6a0d8905d38ea5fe36d785ec""]"
"hublot big bang unico","8","[""6a0d8905d38ea5fe36d786a1"",""6a0d8905d38ea5fe36d786a2"",""6a0d8905d38ea5fe36d786a3"",""6a0d8905d38ea5fe36d786a4"",""6a0d8905d38ea5fe36d786a5"",""6a0d8905d38ea5fe36d786a6"",""6a0d8905d38ea5fe36d786a7"",""6a0d8905d38ea5fe36d786a8""]"
"patek philippe nautilus","3","[""6a0d8905d38ea5fe36d78620"",""6a0d8905d38ea5fe36d78621"",""6a0d8905d38ea5fe36d78622""]"
"tissot prx powermatic 80","10","[""6a0d8905d38ea5fe36d7865f"",""6a0d8905d38ea5fe36d78660"",""6a0d8905d38ea5fe36d78661"",""6a0d8905d38ea5fe36d78662"",""6a0d8905d38ea5fe36d78663"",""6a0d8905d38ea5fe36d78664"",""6a0d8905d38ea5fe36d78665"",""6a0d8905d38ea5fe36d78666"",""6a0d8905d38ea5fe36d78667"",""6a0d8905d38ea5fe36d78668""]"
"rolex submariner date","2","[""6a0d8905d38ea5fe36d785d1"",""6a0d8905d38ea5fe36d785d2""]"
"cartier santos de cartier","12","[""6a0d8905d38ea5fe36d7863b"",""6a0d8905d38ea5fe36d7863c"",""6a0d8905d38ea5fe36d7863d"",""6a0d8905d38ea5fe36d7863e"",""6a0d8905d38ea5fe36d7863f"",""6a0d8905d38ea5fe36d78640"",""6a0d8905d38ea5fe36d78641"",""6a0d8905d38ea5fe36d78642"",""6a0d8905d38ea5fe36d78643"",""6a0d8905d38ea5fe36d78644"",""6a0d8905d38ea5fe36d78645"",""6a0d8905d38ea5fe36d78646""]"
"rolex daytona","2","[""6a0d8905d38ea5fe36d785d4"",""6a0d8905d38ea5fe36d785d5""]"
"patek philippe calatrava","6","[""6a0d8905d38ea5fe36d7862b"",""6a0d8905d38ea5fe36d7862c"",""6a0d8905d38ea5fe36d7862d"",""6a0d8905d38ea5fe36d7862e"",""6a0d8905d38ea5fe36d7862f"",""6a0d8905d38ea5fe36d78630""]"
"casio classic f-91w","6","[""6a0d8905d38ea5fe36d78608"",""6a0d8905d38ea5fe36d78609"",""6a0d8905d38ea5fe36d7860a"",""6a0d8905d38ea5fe36d7860b"",""6a0d8905d38ea5fe36d7860c"",""6a0d8905d38ea5fe36d7860d""]"
"hublot spirit of big bang","8","[""6a0d8905d38ea5fe36d786a9"",""6a0d8905d38ea5fe36d786aa"",""6a0d8905d38ea5fe36d786ab"",""6a0d8905d38ea5fe36d786ac"",""6a0d8905d38ea5fe36d786ad"",""6a0d8905d38ea5fe36d786ae"",""6a0d8905d38ea5fe36d786af"",""6a0d8905d38ea5fe36d786b0""]"
"cartier tank must","12","[""6a0d8905d38ea5fe36d78647"",""6a0d8905d38ea5fe36d78648"",""6a0d8905d38ea5fe36d78649"",""6a0d8905d38ea5fe36d7864a"",""6a0d8905d38ea5fe36d7864b"",""6a0d8905d38ea5fe36d7864c"",""6a0d8905d38ea5fe36d7864d"",""6a0d8905d38ea5fe36d7864e"",""6a0d8905d38ea5fe36d7864f"",""6a0d8905d38ea5fe36d78650"",""6a0d8905d38ea5fe36d78651"",""6a0d8905d38ea5fe36d78652""]"
"rolex datejust 36","6","[""6a0d8905d38ea5fe36d785d9"",""6a0d8905d38ea5fe36d785da"",""6a0d8905d38ea5fe36d785db"",""6a0d8905d38ea5fe36d785dc"",""6a0d8905d38ea5fe36d785dd"",""6a0d8905d38ea5fe36d785de""]"